{
  "weapon": {
    "id": "ak47",
    "name": "AK-47 Power",
    "category": "Assault Rifle",
    "stats": {
      "damage": 70,
      "bulletVelocity": 900,
      "penetrationLevel": "High",
      "fireRate": 600,
      "recoilVertical": 0.1,
      "recoilHorizontal": 0.05,
      "effectiveRange": 60,
      "magazineSize": 40,
      "reloadTime": 1.5,
      "adsTime": 0.2,
      "bulletSpread": 0.01
    },
    "attachments": [
      {
        "slot": "Muzzle",
        "name": "Monolithic Suppressor",
        "effects": {
          "bulletVelocity": "+200",
          "range": "+10",
          "soundSuppression": true
        }
      },
      {
        "slot": "Barrel",
        "name": "RTC Heavy Long Barrel",
        "effects": {
          "range": "+15",
          "bulletVelocity": "+100",
          "damage": "+5"
        }
      },
      {
        "slot": "Stock",
        "name": "No Stock",
        "effects": {
          "adsTime": "-0.05",
          "movementSpeed": "+10"
        }
      },
      {
        "slot": "Underbarrel",
        "name": "Ranger Foregrip",
        "effects": {
          "recoilVertical": "-0.5",
          "recoilHorizontal": "-0.3"
        }
      },
      {
        "slot": "Ammunition",
        "name": "40 Round Fast Mag",
        "effects": {
          "magazineSize": "+10",
          "reloadTime": "-0.3"
        }
      }
    ]
  },
  "performance": {
    "graphicsQuality": "Low",
    "frameRate": "Max",
    "resolution": "1280x720",
    "shadowQuality": "Off",
    "effectsQuality": "Low",
    "bloom": false,
    "antiAliasing": false,
    "maxFps": 120,
    "powerSaving": false
  }
}
