{
  "game": "Blood Strike",
  "device": "Infinix GT 20 Pro",
  "config_version": "2.0",
  "performance_settings": {
    "graphics_quality": "medium",
    "frame_rate": "high",
    "max_fps": 60,
    "depth_of_field": false,
    "ragdoll": false,
    "bloom": false,
    "real_time_shadows": false,
    "anti_aliasing": false
  },
  "aim_tracking_settings": {
    "rotation_mode": "fixed_speed",
    "standard_sensitivity": 95,
    "ads_sensitivity": 85,
    "tactical_scope_sensitivity": 85,
    "sniper_scope_sensitivity": 55,
    "gyroscope": "off",
    "aim_assist": "on",
    "fov": "default"
  },
  "device_tuning": {
    "gaming_mode": "enabled",
    "background_apps": "disabled",
    "free_storage": "minimum_3GB",
    "thermal_control": "active"
  },
  "network_settings": {
    "connection": "wifi",
    "signal": "full_strength",
    "max_ping": 50
  }
}
