{
  "game": "Call of Duty Mobile",
  "config_name": "Ultimate 360° Magic Bullet",
  "version": "1.0 Supreme",
  "magic_bullet_parameters": {
    "rotation_mode": "fixed_speed",
    "global_sensitivity": 110,
    "ads_sensitivity": 100,
    "precision_scope_sensitivity": 95,
    "long_range_sensitivity": 65,
    "gyroscope_enabled": "off",
    "aim_assist_strength": "maximum",
    "field_of_view": "65",
    "aim_response_curve": "dynamic",
    "snap_speed": "high"
  },
  "performance_tuning": {
    "render_quality": "balanced",
    "frame_rate_target": "max",
    "fps_limit": 120,
    "visual_effects": "minimal",
    "shadow_detail": "off",
    "texture_resolution": "medium",
    "particle_effects": "off"
  },
  "device_optimization": {
    "performance_mode": "ultra",
    "background_processes": "none",
    "ram_allocation": "maximum",
    "cooling_system": "active"
  },
  "network_config": {
    "connection_type": "5G_preferred",
    "latency_target": "below_40ms",
    "packet_loss": "0%"
  }
}
