{
    "player_defense": {
        "health_system": {
            "base_health": 999,
            "regeneration": {
                "speed": 85.5,
                "delay": 0.1,
                "threshold": 0.95
            },
            "damage_resistance": {
                "global": 0.85,
                "headshot": 0.92,
                "explosive": 0.88,
                "penetration": 0.90
            },
            "survival_mechanics": {
                "last_stand_trigger": 0.05,
                "death_prevention": true,
                "recovery_boost": 9.8
            }
        },
        "armor_system": {
            "core": {
                "base_armor": 999,
                "damage_absorption": 0.92,
                "durability": 999999,
                "repair_rate": 75.5
            },
            "advanced": {
                "protection_layers": {
                    "level_1": 0.95,
                    "level_2": 0.98,
                    "level_3": 0.99
                },
                "impact_distribution": {
                    "spread_factor": 0.85,
                    "energy_dissipation": 0.95
                }
            }
        },
        "enhancement": {
            "damage_control": {
                "reduction_multiplier": 0.15,
                "threshold_scaling": 0.05
            },
            "survival_boost": {
                "health_multiplier": 9.8,
                "regeneration_factor": 8.5,
                "critical_resistance": 0.95
            }
        }
    },
    "system_validation": {
        "integrity_check": "bypass",
        "sync_protocol": "client_authority",
        "update_interval": 0.001,
        "validation_threshold": 999
    }
}