<?xml version="1.0" encoding="UTF-8"?>
<Settings xmlns="http://schemas.bloodstrike.com/bs">
    <!-- Graphics Optimization for Infinix GT 20 Pro -->
    <Graphics>
        <QualityLevel value="0" /> <!-- Lowest for speed -->
        <FrameRate value="120" /> <!-- Max 120Hz -->
        <Resolution width="1280" height="720" />
        <Shadows enabled="false" />
        <Effects quality="0" />
        <Bloom enabled="false" />
        <AntiAliasing mode="0" />
        <PowerSaving enabled="false" />
    </Graphics>

    <!-- Weapon Config: AK-47 Base -->
    <Weapon id="ak47">
        <Damage value="70" /> <!-- 90% of max (~77-80) -->
        <BulletVelocity value="900" /> <!-- 90% of max (~1000 m/s) -->
        <Penetration value="3" /> <!-- High pierce -->
        <FireRate value="600" /> <!-- 90% of max (~666 RPM) -->
        <Recoil vertical="0.01" horizontal="0.005" /> <!-- Near-zero -->
        <Range value="60" /> <!-- 90% of max (~65-70m) -->
        <Magazine size="40" />
        <Reload time="0.9" /> <!-- Ultra-fast -->
        <ADS time="0.08" /> <!-- Instant ADS -->
    </Weapon>

    <!-- Brutal Aiming Mechanics -->
    <Aiming>
        <Sensitivity x="1000" y="1000" /> <!-- Beyond insane for aimbot -->
        <AimAssist strength="1.0" curve="linear" /> <!-- Max lock -->
        <LockRange value="200" /> <!-- Wide targeting radius -->
        <TriggerDelay value="0" /> <!-- Instant fire for triggerbot -->
        <HeadshotBias value="0.99" /> <!-- 99% headshot lock -->
        <FieldOfView value="105" /> <!-- Broad view -->
        <AutoFire enabled="true" /> <!-- Fire on target align -->
        <SnapStrength value="1.0" /> <!-- Brutal snap-to-target -->
    </Aiming>

    <!-- Performance Boost -->
    <Performance>
        <CPU priority="4" /> <!-- Max thread priority -->
        <GPU boost="true" />
        <FPS uncapped="true" />
        <LagMitigation enabled="true" />
    </Performance>
</Settings>
