{
    "aim_assist": {
        "track_radius": "999999.0",
        "lock_strength": "999.0",
        "snap_speed": "0.001",
        "target_priority": "head",
        "wall_detection": false
    },
    "precision": {
        "accuracy": "100.0",
        "recoil_reduction": "100.0",
        "spread_control": "100.0",
        "sway_reduction": "100.0"
    },
    "targeting": {
        "auto_target": true,
        "silent_aim": true,
        "instant_lock": true,
        "prediction": true,
        "multi_target": true
    }
}
