<?xml version="1.0" encoding="UTF-8"?>
<config>
  <bulletTracking>
    <param name="autoAimStrength" value="1.0" />
    <param name="bulletCurve" value="360" />
    <param name="lockOnRange" value="1500" />
    <param name="autoHeadshot" value="true" />
    <param name="targetPriority" value="closest" />
    <param name="targetSwitchSpeed" value="0.1" />
    <param name="predictionTime" value="0.5" />
    <param name="bulletSpeedMultiplier" value="2.5" />
    <param name="noRecoil" value="true" />
    <param name="noSpread" value="true" />
    <param name="wallHack" value="true" />
  </bulletTracking>
  <gamePerformance>
    <param name="frameRate" value="unlimited" />
    <param name="textureQuality" value="low" />
    <param name="antiAliasing" value="off" />
    <param name="shadows" value="off" />
  </gamePerformance>
</config>
